<?xml version="1.0" encoding="UTF-8"?>
<project-private xmlns="http://www.netbeans.org/ns/project-private/1">
    <editor-bookmarks xmlns="http://www.netbeans.org/ns/editor-bookmarks/2" lastBookmarkId="0"/>
    <open-files xmlns="http://www.netbeans.org/ns/projectui-open-files/2">
        <group>
            <file>file:/C:/Users/ALICIA%20TAU/Documents/NetBeansProjects/EmployeeEJBModule/src/java/za/ac/tut/ejb/bl/EmployeeFacadeLocal.java</file>
            <file>file:/C:/Users/ALICIA%20TAU/Documents/NetBeansProjects/EmployeeEJBModule/src/java/za/ac/tut/ejb/bl/EmployeeFacade.java</file>
            <file>file:/C:/Users/ALICIA%20TAU/Documents/NetBeansProjects/EmployeeEJBModule/src/java/za/ac/tut/entities/Employee.java</file>
            <file>file:/C:/Users/ALICIA%20TAU/Documents/NetBeansProjects/EmployeeEJBModule/src/java/za/ac/tut/ejb/bl/AbstractFacade.java</file>
        </group>
    </open-files>
</project-private>
