<?xml version="1.0" encoding="UTF-8"?>
<project-private xmlns="http://www.netbeans.org/ns/project-private/1">
    <editor-bookmarks xmlns="http://www.netbeans.org/ns/editor-bookmarks/2" lastBookmarkId="0"/>
    <open-files xmlns="http://www.netbeans.org/ns/projectui-open-files/2">
        <group>
            <file>file:/C:/Users/ALICIA%20TAU/Documents/NetBeansProjects/EmployeeWebApp/web/index.html</file>
            <file>file:/C:/Users/ALICIA%20TAU/Documents/NetBeansProjects/EmployeeWebApp/web/add_employee.jsp</file>
            <file>file:/C:/Users/ALICIA%20TAU/Documents/NetBeansProjects/EmployeeWebApp/web/menu.jsp</file>
            <file>file:/C:/Users/ALICIA%20TAU/Documents/NetBeansProjects/EmployeeWebApp/web/find_employee_outcome.jsp</file>
            <file>file:/C:/Users/ALICIA%20TAU/Documents/NetBeansProjects/EmployeeWebApp/web/find_employee.jsp</file>
            <file>file:/C:/Users/ALICIA%20TAU/Documents/NetBeansProjects/EmployeeWebApp/web/add_employee_outcome.jsp</file>
            <file>file:/C:/Users/ALICIA%20TAU/Documents/NetBeansProjects/EmployeeWebApp/src/java/za/ac/tut/web/AddEmployeeServlet.java</file>
            <file>file:/C:/Users/ALICIA%20TAU/Documents/NetBeansProjects/EmployeeWebApp/src/java/za/ac/tut/web/FindEmployeeServlet.java</file>
        </group>
    </open-files>
</project-private>
